     0,     0,        6991,       95.03,   2.508e-09,           0
     0,     0,        6991,       85.07,   2.508e-09,           0
     0,     0,        6991,       75.12,   2.508e-09,           0
     0,     0,        6991,       65.18,   2.508e-09,           0
     0,     0,        6991,       55.23,   2.508e-09,           0
     0,     0,        6991,       45.27,   2.508e-09,           0
     0,     0,        6991,       35.33,   2.508e-09,           0
     0,     0,        6991,       25.38,   2.508e-09,           0
     0,     0,        6991,       15.42,   2.508e-09,           0
     0,     0,        6991,       5.475,   2.508e-09,           0
     0,     0,        2783,       95.03,   3.975e-08,           0
     0,     0,        2783,       85.07,   3.975e-08,           0
     0,     0,        2783,       75.12,   3.975e-08,           0
     0,     0,        2783,       65.18,   3.975e-08,           0
     0,     0,        2783,       55.23,   3.975e-08,           0
     0,     0,        2783,       45.27,   3.975e-08,           0
     0,     0,        2783,       35.33,   3.975e-08,           0
     0,     0,        2783,       25.38,   3.975e-08,           0
     0,     0,        2783,       15.42,   3.975e-08,           0
     0,     0,        2783,       5.475,   3.975e-08,           0
     0,     0,        1108,       95.03,   6.299e-07,           0
     0,     0,        1108,       85.07,   6.299e-07,           0
     0,     0,        1108,       75.12,   6.299e-07,           0
     0,     0,        1108,       65.18,   6.299e-07,           0
     0,     0,        1108,       55.23,   6.299e-07,           0
     0,     0,        1108,       45.27,   6.299e-07,           0
     0,     0,        1108,       35.33,   6.299e-07,           0
     0,     0,        1108,       25.38,   6.299e-07,           0
     0,     0,        1108,       15.42,   6.299e-07,           0
     0,     0,        1108,       5.475,   6.299e-07,           0
     0,     0,       441.1,       95.03,   9.984e-06,           0
     0,     0,       441.1,       85.07,   9.984e-06,           0
     0,     0,       441.1,       75.12,   9.984e-06,           0
     0,     0,       441.1,       65.18,   9.984e-06,           0
     0,     0,       441.1,       55.23,   9.984e-06,           0
     0,     0,       441.1,       45.27,   9.984e-06,           0
     0,     0,       441.1,       35.33,   9.984e-06,           0
     0,     0,       441.1,       25.38,   9.984e-06,           0
     0,     0,       441.1,       15.42,   9.984e-06,           0
     0,     0,       441.1,       5.475,   9.984e-06,           0
     0,     0,       175.6,       95.03,   0.0001582,           0
     0,     0,       175.6,       85.07,   0.0001582,           0
     0,     0,       175.6,       75.12,   0.0001582,           0
     0,     0,       175.6,       65.18,   0.0001582,           0
     0,     0,       175.6,       55.23,   0.0001582,           0
     0,     0,       175.6,       45.27,   0.0001582,           0
     0,     0,       175.6,       35.33,   0.0001582,           0
     0,     0,       175.6,       25.38,   0.0001582,           0
     0,     0,       175.6,       15.42,   0.0001582,           0
     0,     0,       175.6,       5.475,   0.0001582,           0
     0,     0,       69.91,       95.03,    0.002508,           0
     0,     0,       69.91,       85.07,    0.002508,           0
     0,     0,       69.91,       75.12,    0.002508,           0
     0,     0,       69.91,       65.18,    0.002508,           0
     0,     0,       69.91,       55.23,    0.002508,           0
     0,     0,       69.91,       45.27,    0.002508,           0
     0,     0,       69.91,       35.33,    0.002508,           0
     0,     0,       69.91,       25.38,    0.002508,           0
     0,     0,       69.91,       15.42,    0.002508,           0
     0,     0,       69.91,       5.475,    0.002508,           0
     0,     0,       27.83,       95.03,     0.03975,           0
     0,     0,       27.83,       85.07,     0.03975,           0
     0,     0,       27.83,       75.12,     0.03975,           0
     0,     0,       27.83,       65.18,     0.03975,           0
     0,     0,       27.83,       55.23,     0.03975,           0
     0,     0,       27.83,       45.27,     0.03975,           0
     0,     0,       27.83,       35.33,     0.03975,           0
     0,     0,       27.83,       25.38,     0.03975,           0
     0,     0,       27.83,       15.42,     0.03975,           0
     0,     0,       27.83,       5.475,     0.03975,           0
     0,     0,       11.08,       95.03,      0.6299,           0
     0,     0,       11.08,       85.07,      0.6299,           0
     0,     0,       11.08,       75.12,      0.6299,           0
     0,     0,       11.08,       65.18,      0.6299,           0
     0,     0,       11.08,       55.23,      0.6299,           0
     0,     0,       11.08,       45.27,      0.6299,           0
     0,     0,       11.08,       35.33,      0.6299,           0
     0,     0,       11.08,       25.38,      0.6299,           0
     0,     0,       11.08,       15.42,      0.6299,           0
     0,     0,       11.08,       5.475,      0.6299,           0
     0,     0,       4.411,       95.03,       9.984,           0
     0,     0,       4.411,       85.07,       9.984,           0
     0,     0,       4.411,       75.12,       9.984,           0
     0,     0,       4.411,       65.18,       9.984,           0
     0,     0,       4.411,       55.23,       9.984,           0
     0,     0,       4.411,       45.27,       9.984,           0
     0,     0,       4.411,       35.33,       9.984,           0
     0,     0,       4.411,       25.38,       9.984,           0
     0,     0,       4.411,       15.42,       9.984,           0
     0,     0,       4.411,       5.475,       9.984,           0
     0,     0,       1.756,       95.03,       158.2,           0
     0,     0,       1.756,       85.07,       158.2,           0
     0,     0,       1.756,       75.12,       158.2,           0
     0,     0,       1.756,       65.18,       158.2,           0
     0,     0,       1.756,       55.23,       158.2,           0
     0,     0,       1.756,       45.27,       158.2,           0
     0,     0,       1.756,       35.33,       158.2,           0
     0,     0,       1.756,       25.38,       158.2,           0
     0,     0,       1.756,       15.42,       158.2,           0
     0,     0,       1.756,       5.475,       158.2,           0
     0,     0,           0,           0,           0
     1,     0,        7037,       94.84,   2.422e-09,           0
     1,     0,        7037,       84.91,   2.422e-09,           0
     1,     0,        7037,       74.97,   2.422e-09,           0
     1,     0,        7037,       65.04,   2.422e-09,           0
     1,     0,        7037,       55.11,   2.422e-09,           0
     1,     0,        7037,       45.18,   2.422e-09,           0
     1,     0,        7037,       35.25,   2.422e-09,           0
     1,     0,        7037,       25.32,   2.422e-09,           0
     1,     0,        7037,       15.39,   2.422e-09,           0
     1,     0,        7037,       5.464,   2.422e-09,           0
     1,     0,        2807,       94.84,   3.838e-08,           0
     1,     0,        2807,       84.91,   3.838e-08,           0
     1,     0,        2807,       74.97,   3.838e-08,           0
     1,     0,        2807,       65.04,   3.838e-08,           0
     1,     0,        2807,       55.11,   3.838e-08,           0
     1,     0,        2807,       45.18,   3.838e-08,           0
     1,     0,        2807,       35.25,   3.838e-08,           0
     1,     0,        2807,       25.32,   3.838e-08,           0
     1,     0,        2807,       15.39,   3.838e-08,           0
     1,     0,        2807,       5.464,   3.838e-08,           0
     1,     0,        1120,       94.84,   6.083e-07,           0
     1,     0,        1120,       84.91,   6.083e-07,           0
     1,     0,        1120,       74.97,   6.083e-07,           0
     1,     0,        1120,       65.04,   6.083e-07,           0
     1,     0,        1120,       55.11,   6.083e-07,           0
     1,     0,        1120,       45.18,   6.083e-07,           0
     1,     0,        1120,       35.25,   6.083e-07,           0
     1,     0,        1120,       25.32,   6.083e-07,           0
     1,     0,        1120,       15.39,   6.083e-07,           0
     1,     0,        1120,       5.464,   6.083e-07,           0
     1,     0,       447.6,       94.84,   9.641e-06,           0
     1,     0,       447.6,       84.91,   9.641e-06,           0
     1,     0,       447.6,       74.97,   9.641e-06,           0
     1,     0,       447.6,       65.04,   9.641e-06,           0
     1,     0,       447.6,       55.11,   9.641e-06,           0
     1,     0,       447.6,       45.18,   9.641e-06,           0
     1,     0,       447.6,       35.25,   9.641e-06,           0
     1,     0,       447.6,       25.32,   9.641e-06,           0
     1,     0,       447.6,       15.39,   9.641e-06,           0
     1,     0,       447.6,       5.464,   9.641e-06,           0
     1,     0,         179,       94.84,   0.0001528,           0
     1,     0,         179,       84.91,   0.0001528,           0
     1,     0,         179,       74.97,   0.0001528,           0
     1,     0,         179,       65.04,   0.0001528,           0
     1,     0,         179,       55.11,   0.0001528,           0
     1,     0,         179,       45.18,   0.0001528,           0
     1,     0,         179,       35.25,   0.0001528,           0
     1,     0,         179,       25.32,   0.0001528,           0
     1,     0,         179,       15.39,   0.0001528,           0
     1,     0,         179,       5.464,   0.0001528,           0
     1,     0,       71.66,       94.84,    0.002422,           0
     1,     0,       71.66,       84.91,    0.002422,           0
     1,     0,       71.66,       74.97,    0.002422,           0
     1,     0,       71.66,       65.04,    0.002422,           0
     1,     0,       71.66,       55.11,    0.002422,           0
     1,     0,       71.66,       45.18,    0.002422,           0
     1,     0,       71.66,       35.25,    0.002422,           0
     1,     0,       71.66,       25.32,    0.002422,           0
     1,     0,       71.66,       15.39,    0.002422,           0
     1,     0,       71.66,       5.464,    0.002422,           0
     1,     0,       28.74,       94.84,     0.03838,           0
     1,     0,       28.74,       84.91,     0.03838,           0
     1,     0,       28.74,       74.97,     0.03838,           0
     1,     0,       28.74,       65.04,     0.03838,           0
     1,     0,       28.74,       55.11,     0.03838,           0
     1,     0,       28.74,       45.18,     0.03838,           0
     1,     0,       28.74,       35.25,     0.03838,           0
     1,     0,       28.74,       25.32,     0.03838,           0
     1,     0,       28.74,       15.39,     0.03838,           0
     1,     0,       28.74,       5.464,     0.03838,           0
     1,     0,       11.55,       94.84,      0.6083,           0
     1,     0,       11.55,       84.91,      0.6083,           0
     1,     0,       11.55,       74.97,      0.6083,           0
     1,     0,       11.55,       65.04,      0.6083,           0
     1,     0,       11.55,       55.11,      0.6083,           0
     1,     0,       11.55,       45.18,      0.6083,           0
     1,     0,       11.55,       35.25,      0.6083,           0
     1,     0,       11.55,       25.32,      0.6083,           0
     1,     0,       11.55,       15.39,      0.6083,           0
     1,     0,       11.55,       5.464,      0.6083,           0
     1,     0,       4.657,       94.84,       9.641,           0
     1,     0,       4.657,       84.91,       9.641,           0
     1,     0,       4.657,       74.97,       9.641,           0
     1,     0,       4.657,       65.04,       9.641,           0
     1,     0,       4.657,       55.11,       9.641,           0
     1,     0,       4.657,       45.18,       9.641,           0
     1,     0,       4.657,       35.25,       9.641,           0
     1,     0,       4.657,       25.32,       9.641,           0
     1,     0,       4.657,       15.39,       9.641,           0
     1,     0,       4.657,       5.464,       9.641,           0
     1,     0,       1.884,       94.84,       152.8,           0
     1,     0,       1.884,       84.91,       152.8,           0
     1,     0,       1.884,       74.97,       152.8,           0
     1,     0,       1.884,       65.04,       152.8,           0
     1,     0,       1.884,       55.11,       152.8,           0
     1,     0,       1.884,       45.18,       152.8,           0
     1,     0,       1.884,       35.25,       152.8,           0
     1,     0,       1.884,       25.32,       152.8,           0
     1,     0,       1.884,       15.39,       152.8,           0
     1,     0,       1.884,       5.464,       152.8,           0
     1,     0,   2.246e+13,         0.5,           0,           0
     1,     1,           0,           0,           0,           0
     2,     0,        7084,       94.65,   2.338e-09,           0
     2,     0,        7084,       84.74,   2.338e-09,           0
     2,     0,        7084,       74.83,   2.338e-09,           0
     2,     0,        7084,       64.91,   2.338e-09,           0
     2,     0,        7084,          55,   2.338e-09,           0
     2,     0,        7084,       45.09,   2.338e-09,           0
     2,     0,        7084,       35.18,   2.338e-09,           0
     2,     0,        7084,       25.27,   2.338e-09,           0
     2,     0,        7084,       15.36,   2.338e-09,           0
     2,     0,        7084,       5.453,   2.338e-09,           0
     2,     0,        2831,       94.65,   3.706e-08,           0
     2,     0,        2831,       84.74,   3.706e-08,           0
     2,     0,        2831,       74.83,   3.706e-08,           0
     2,     0,        2831,       64.91,   3.706e-08,           0
     2,     0,        2831,          55,   3.706e-08,           0
     2,     0,        2831,       45.09,   3.706e-08,           0
     2,     0,        2831,       35.18,   3.706e-08,           0
     2,     0,        2831,       25.27,   3.706e-08,           0
     2,     0,        2831,       15.36,   3.706e-08,           0
     2,     0,        2831,       5.453,   3.706e-08,           0
     2,     0,        1133,       94.65,   5.874e-07,           0
     2,     0,        1133,       84.74,   5.874e-07,           0
     2,     0,        1133,       74.83,   5.874e-07,           0
     2,     0,        1133,       64.91,   5.874e-07,           0
     2,     0,        1133,          55,   5.874e-07,           0
     2,     0,        1133,       45.09,   5.874e-07,           0
     2,     0,        1133,       35.18,   5.874e-07,           0
     2,     0,        1133,       25.27,   5.874e-07,           0
     2,     0,        1133,       15.36,   5.874e-07,           0
     2,     0,        1133,       5.453,   5.874e-07,           0
     2,     0,       454.1,       94.65,   9.309e-06,           0
     2,     0,       454.1,       84.74,   9.309e-06,           0
     2,     0,       454.1,       74.83,   9.309e-06,           0
     2,     0,       454.1,       64.91,   9.309e-06,           0
     2,     0,       454.1,          55,   9.309e-06,           0
     2,     0,       454.1,       45.09,   9.309e-06,           0
     2,     0,       454.1,       35.18,   9.309e-06,           0
     2,     0,       454.1,       25.27,   9.309e-06,           0
     2,     0,       454.1,       15.36,   9.309e-06,           0
     2,     0,       454.1,       5.453,   9.309e-06,           0
     2,     0,       182.4,       94.65,   0.0001475,           0
     2,     0,       182.4,       84.74,   0.0001475,           0
     2,     0,       182.4,       74.83,   0.0001475,           0
     2,     0,       182.4,       64.91,   0.0001475,           0
     2,     0,       182.4,          55,   0.0001475,           0
     2,     0,       182.4,       45.09,   0.0001475,           0
     2,     0,       182.4,       35.18,   0.0001475,           0
     2,     0,       182.4,       25.27,   0.0001475,           0
     2,     0,       182.4,       15.36,   0.0001475,           0
     2,     0,       182.4,       5.453,   0.0001475,           0
     2,     0,       73.44,       94.65,    0.002338,           0
     2,     0,       73.44,       84.74,    0.002338,           0
     2,     0,       73.44,       74.83,    0.002338,           0
     2,     0,       73.44,       64.91,    0.002338,           0
     2,     0,       73.44,          55,    0.002338,           0
     2,     0,       73.44,       45.09,    0.002338,           0
     2,     0,       73.44,       35.18,    0.002338,           0
     2,     0,       73.44,       25.27,    0.002338,           0
     2,     0,       73.44,       15.36,    0.002338,           0
     2,     0,       73.44,       5.453,    0.002338,           0
     2,     0,       29.67,       94.65,     0.03706,           0
     2,     0,       29.67,       84.74,     0.03706,           0
     2,     0,       29.67,       74.83,     0.03706,           0
     2,     0,       29.67,       64.91,     0.03706,           0
     2,     0,       29.67,          55,     0.03706,           0
     2,     0,       29.67,       45.09,     0.03706,           0
     2,     0,       29.67,       35.18,     0.03706,           0
     2,     0,       29.67,       25.27,     0.03706,           0
     2,     0,       29.67,       15.36,     0.03706,           0
     2,     0,       29.67,       5.453,     0.03706,           0
     2,     0,       12.04,       94.65,      0.5874,           0
     2,     0,       12.04,       84.74,      0.5874,           0
     2,     0,       12.04,       74.83,      0.5874,           0
     2,     0,       12.04,       64.91,      0.5874,           0
     2,     0,       12.04,          55,      0.5874,           0
     2,     0,       12.04,       45.09,      0.5874,           0
     2,     0,       12.04,       35.18,      0.5874,           0
     2,     0,       12.04,       25.27,      0.5874,           0
     2,     0,       12.04,       15.36,      0.5874,           0
     2,     0,       12.04,       5.453,      0.5874,           0
     2,     0,       4.913,       94.65,       9.309,           0
     2,     0,       4.913,       84.74,       9.309,           0
     2,     0,       4.913,       74.83,       9.309,           0
     2,     0,       4.913,       64.91,       9.309,           0
     2,     0,       4.913,          55,       9.309,           0
     2,     0,       4.913,       45.09,       9.309,           0
     2,     0,       4.913,       35.18,       9.309,           0
     2,     0,       4.913,       25.27,       9.309,           0
     2,     0,       4.913,       15.36,       9.309,           0
     2,     0,       4.913,       5.453,       9.309,           0
     2,     0,       2.019,       94.65,       147.5,           0
     2,     0,       2.019,       84.74,       147.5,           0
     2,     0,       2.019,       74.83,       147.5,           0
     2,     0,       2.019,       64.91,       147.5,           0
     2,     0,       2.019,          55,       147.5,           0
     2,     0,       2.019,       45.09,       147.5,           0
     2,     0,       2.019,       35.18,       147.5,           0
     2,     0,       2.019,       25.27,       147.5,           0
     2,     0,       2.019,       15.36,       147.5,           0
     2,     0,       2.019,       5.453,       147.5,           0
     2,     1,   2.272e+13,         0.5,           0,           0
     2,     2,           0,           0,           0,           0
     3,     0,        7131,       94.46,   2.258e-09,           0
     3,     0,        7131,       84.57,   2.258e-09,           0
     3,     0,        7131,       74.68,   2.258e-09,           0
     3,     0,        7131,       64.79,   2.258e-09,           0
     3,     0,        7131,       54.89,   2.258e-09,           0
     3,     0,        7131,          45,   2.258e-09,           0
     3,     0,        7131,       35.11,   2.258e-09,           0
     3,     0,        7131,       25.22,   2.258e-09,           0
     3,     0,        7131,       15.33,   2.258e-09,           0
     3,     0,        7131,       5.442,   2.258e-09,           0
     3,     0,        2856,       94.46,   3.578e-08,           0
     3,     0,        2856,       84.57,   3.578e-08,           0
     3,     0,        2856,       74.68,   3.578e-08,           0
     3,     0,        2856,       64.79,   3.578e-08,           0
     3,     0,        2856,       54.89,   3.578e-08,           0
     3,     0,        2856,          45,   3.578e-08,           0
     3,     0,        2856,       35.11,   3.578e-08,           0
     3,     0,        2856,       25.22,   3.578e-08,           0
     3,     0,        2856,       15.33,   3.578e-08,           0
     3,     0,        2856,       5.442,   3.578e-08,           0
     3,     0,        1146,       94.46,   5.672e-07,           0
     3,     0,        1146,       84.57,   5.672e-07,           0
     3,     0,        1146,       74.68,   5.672e-07,           0
     3,     0,        1146,       64.79,   5.672e-07,           0
     3,     0,        1146,       54.89,   5.672e-07,           0
     3,     0,        1146,          45,   5.672e-07,           0
     3,     0,        1146,       35.11,   5.672e-07,           0
     3,     0,        1146,       25.22,   5.672e-07,           0
     3,     0,        1146,       15.33,   5.672e-07,           0
     3,     0,        1146,       5.442,   5.672e-07,           0
     3,     0,       460.7,       94.46,   8.989e-06,           0
     3,     0,       460.7,       84.57,   8.989e-06,           0
     3,     0,       460.7,       74.68,   8.989e-06,           0
     3,     0,       460.7,       64.79,   8.989e-06,           0
     3,     0,       460.7,       54.89,   8.989e-06,           0
     3,     0,       460.7,          45,   8.989e-06,           0
     3,     0,       460.7,       35.11,   8.989e-06,           0
     3,     0,       460.7,       25.22,   8.989e-06,           0
     3,     0,       460.7,       15.33,   8.989e-06,           0
     3,     0,       460.7,       5.442,   8.989e-06,           0
     3,     0,       185.8,       94.46,   0.0001425,           0
     3,     0,       185.8,       84.57,   0.0001425,           0
     3,     0,       185.8,       74.68,   0.0001425,           0
     3,     0,       185.8,       64.79,   0.0001425,           0
     3,     0,       185.8,       54.89,   0.0001425,           0
     3,     0,       185.8,          45,   0.0001425,           0
     3,     0,       185.8,       35.11,   0.0001425,           0
     3,     0,       185.8,       25.22,   0.0001425,           0
     3,     0,       185.8,       15.33,   0.0001425,           0
     3,     0,       185.8,       5.442,   0.0001425,           0
     3,     0,       75.25,       94.46,    0.002258,           0
     3,     0,       75.25,       84.57,    0.002258,           0
     3,     0,       75.25,       74.68,    0.002258,           0
     3,     0,       75.25,       64.79,    0.002258,           0
     3,     0,       75.25,       54.89,    0.002258,           0
     3,     0,       75.25,          45,    0.002258,           0
     3,     0,       75.25,       35.11,    0.002258,           0
     3,     0,       75.25,       25.22,    0.002258,           0
     3,     0,       75.25,       15.33,    0.002258,           0
     3,     0,       75.25,       5.442,    0.002258,           0
     3,     0,       30.62,       94.46,     0.03578,           0
     3,     0,       30.62,       84.57,     0.03578,           0
     3,     0,       30.62,       74.68,     0.03578,           0
     3,     0,       30.62,       64.79,     0.03578,           0
     3,     0,       30.62,       54.89,     0.03578,           0
     3,     0,       30.62,          45,     0.03578,           0
     3,     0,       30.62,       35.11,     0.03578,           0
     3,     0,       30.62,       25.22,     0.03578,           0
     3,     0,       30.62,       15.33,     0.03578,           0
     3,     0,       30.62,       5.442,     0.03578,           0
     3,     0,       12.54,       94.46,      0.5672,           0
     3,     0,       12.54,       84.57,      0.5672,           0
     3,     0,       12.54,       74.68,      0.5672,           0
     3,     0,       12.54,       64.79,      0.5672,           0
     3,     0,       12.54,       54.89,      0.5672,           0
     3,     0,       12.54,          45,      0.5672,           0
     3,     0,       12.54,       35.11,      0.5672,           0
     3,     0,       12.54,       25.22,      0.5672,           0
     3,     0,       12.54,       15.33,      0.5672,           0
     3,     0,       12.54,       5.442,      0.5672,           0
     3,     0,       5.179,       94.46,       8.989,           0
     3,     0,       5.179,       84.57,       8.989,           0
     3,     0,       5.179,       74.68,       8.989,           0
     3,     0,       5.179,       64.79,       8.989,           0
     3,     0,       5.179,       54.89,       8.989,           0
     3,     0,       5.179,          45,       8.989,           0
     3,     0,       5.179,       35.11,       8.989,           0
     3,     0,       5.179,       25.22,       8.989,           0
     3,     0,       5.179,       15.33,       8.989,           0
     3,     0,       5.179,       5.442,       8.989,           0
     3,     0,       2.161,       94.46,       142.5,           0
     3,     0,       2.161,       84.57,       142.5,           0
     3,     0,       2.161,       74.68,       142.5,           0
     3,     0,       2.161,       64.79,       142.5,           0
     3,     0,       2.161,       54.89,       142.5,           0
     3,     0,       2.161,          45,       142.5,           0
     3,     0,       2.161,       35.11,       142.5,           0
     3,     0,       2.161,       25.22,       142.5,           0
     3,     0,       2.161,       15.33,       142.5,           0
     3,     0,       2.161,       5.442,       142.5,           0
     3,     2,   2.296e+13,         0.5,           0,           0
     3,     3,           0,           0,           0,           0
     4,     0,        7178,       94.27,    2.18e-09,           0
     4,     0,        7178,        84.4,    2.18e-09,           0
     4,     0,        7178,       74.53,    2.18e-09,           0
     4,     0,        7178,       64.66,    2.18e-09,           0
     4,     0,        7178,       54.78,    2.18e-09,           0
     4,     0,        7178,       44.91,    2.18e-09,           0
     4,     0,        7178,       35.04,    2.18e-09,           0
     4,     0,        7178,       25.17,    2.18e-09,           0
     4,     0,        7178,        15.3,    2.18e-09,           0
     4,     0,        7178,       5.431,    2.18e-09,           0
     4,     0,        2880,       94.27,   3.455e-08,           0
     4,     0,        2880,        84.4,   3.455e-08,           0
     4,     0,        2880,       74.53,   3.455e-08,           0
     4,     0,        2880,       64.66,   3.455e-08,           0
     4,     0,        2880,       54.78,   3.455e-08,           0
     4,     0,        2880,       44.91,   3.455e-08,           0
     4,     0,        2880,       35.04,   3.455e-08,           0
     4,     0,        2880,       25.17,   3.455e-08,           0
     4,     0,        2880,        15.3,   3.455e-08,           0
     4,     0,        2880,       5.431,   3.455e-08,           0
     4,     0,        1159,       94.27,   5.476e-07,           0
     4,     0,        1159,        84.4,   5.476e-07,           0
     4,     0,        1159,       74.53,   5.476e-07,           0
     4,     0,        1159,       64.66,   5.476e-07,           0
     4,     0,        1159,       54.78,   5.476e-07,           0
     4,     0,        1159,       44.91,   5.476e-07,           0
     4,     0,        1159,       35.04,   5.476e-07,           0
     4,     0,        1159,       25.17,   5.476e-07,           0
     4,     0,        1159,        15.3,   5.476e-07,           0
     4,     0,        1159,       5.431,   5.476e-07,           0
     4,     0,       467.4,       94.27,    8.68e-06,           0
     4,     0,       467.4,        84.4,    8.68e-06,           0
     4,     0,       467.4,       74.53,    8.68e-06,           0
     4,     0,       467.4,       64.66,    8.68e-06,           0
     4,     0,       467.4,       54.78,    8.68e-06,           0
     4,     0,       467.4,       44.91,    8.68e-06,           0
     4,     0,       467.4,       35.04,    8.68e-06,           0
     4,     0,       467.4,       25.17,    8.68e-06,           0
     4,     0,       467.4,        15.3,    8.68e-06,           0
     4,     0,       467.4,       5.431,    8.68e-06,           0
     4,     0,       189.3,       94.27,   0.0001376,           0
     4,     0,       189.3,        84.4,   0.0001376,           0
     4,     0,       189.3,       74.53,   0.0001376,           0
     4,     0,       189.3,       64.66,   0.0001376,           0
     4,     0,       189.3,       54.78,   0.0001376,           0
     4,     0,       189.3,       44.91,   0.0001376,           0
     4,     0,       189.3,       35.04,   0.0001376,           0
     4,     0,       189.3,       25.17,   0.0001376,           0
     4,     0,       189.3,        15.3,   0.0001376,           0
     4,     0,       189.3,       5.431,   0.0001376,           0
     4,     0,       77.09,       94.27,     0.00218,           0
     4,     0,       77.09,        84.4,     0.00218,           0
     4,     0,       77.09,       74.53,     0.00218,           0
     4,     0,       77.09,       64.66,     0.00218,           0
     4,     0,       77.09,       54.78,     0.00218,           0
     4,     0,       77.09,       44.91,     0.00218,           0
     4,     0,       77.09,       35.04,     0.00218,           0
     4,     0,       77.09,       25.17,     0.00218,           0
     4,     0,       77.09,        15.3,     0.00218,           0
     4,     0,       77.09,       5.431,     0.00218,           0
     4,     0,       31.59,       94.27,     0.03455,           0
     4,     0,       31.59,        84.4,     0.03455,           0
     4,     0,       31.59,       74.53,     0.03455,           0
     4,     0,       31.59,       64.66,     0.03455,           0
     4,     0,       31.59,       54.78,     0.03455,           0
     4,     0,       31.59,       44.91,     0.03455,           0
     4,     0,       31.59,       35.04,     0.03455,           0
     4,     0,       31.59,       25.17,     0.03455,           0
     4,     0,       31.59,        15.3,     0.03455,           0
     4,     0,       31.59,       5.431,     0.03455,           0
     4,     0,       13.06,       94.27,      0.5476,           0
     4,     0,       13.06,        84.4,      0.5476,           0
     4,     0,       13.06,       74.53,      0.5476,           0
     4,     0,       13.06,       64.66,      0.5476,           0
     4,     0,       13.06,       54.78,      0.5476,           0
     4,     0,       13.06,       44.91,      0.5476,           0
     4,     0,       13.06,       35.04,      0.5476,           0
     4,     0,       13.06,       25.17,      0.5476,           0
     4,     0,       13.06,        15.3,      0.5476,           0
     4,     0,       13.06,       5.431,      0.5476,           0
     4,     0,       5.455,       94.27,        8.68,           0
     4,     0,       5.455,        84.4,        8.68,           0
     4,     0,       5.455,       74.53,        8.68,           0
     4,     0,       5.455,       64.66,        8.68,           0
     4,     0,       5.455,       54.78,        8.68,           0
     4,     0,       5.455,       44.91,        8.68,           0
     4,     0,       5.455,       35.04,        8.68,           0
     4,     0,       5.455,       25.17,        8.68,           0
     4,     0,       5.455,        15.3,        8.68,           0
     4,     0,       5.455,       5.431,        8.68,           0
     4,     0,        2.31,       94.27,       137.6,           0
     4,     0,        2.31,        84.4,       137.6,           0
     4,     0,        2.31,       74.53,       137.6,           0
     4,     0,        2.31,       64.66,       137.6,           0
     4,     0,        2.31,       54.78,       137.6,           0
     4,     0,        2.31,       44.91,       137.6,           0
     4,     0,        2.31,       35.04,       137.6,           0
     4,     0,        2.31,       25.17,       137.6,           0
     4,     0,        2.31,        15.3,       137.6,           0
     4,     0,        2.31,       5.431,       137.6,           0
     4,     3,   2.319e+13,         0.5,           0,           0
     4,     4,           0,           0,           0,           0
     5,     0,        7225,       94.08,   2.105e-09,           0
     5,     0,        7225,       84.23,   2.105e-09,           0
     5,     0,        7225,       74.38,   2.105e-09,           0
     5,     0,        7225,       64.53,   2.105e-09,           0
     5,     0,        7225,       54.68,   2.105e-09,           0
     5,     0,        7225,       44.82,   2.105e-09,           0
     5,     0,        7225,       34.97,   2.105e-09,           0
     5,     0,        7225,       25.12,   2.105e-09,           0
     5,     0,        7225,       15.27,   2.105e-09,           0
     5,     0,        7225,       5.421,   2.105e-09,           0
     5,     0,        2905,       94.08,   3.337e-08,           0
     5,     0,        2905,       84.23,   3.337e-08,           0
     5,     0,        2905,       74.38,   3.337e-08,           0
     5,     0,        2905,       64.53,   3.337e-08,           0
     5,     0,        2905,       54.68,   3.337e-08,           0
     5,     0,        2905,       44.82,   3.337e-08,           0
     5,     0,        2905,       34.97,   3.337e-08,           0
     5,     0,        2905,       25.12,   3.337e-08,           0
     5,     0,        2905,       15.27,   3.337e-08,           0
     5,     0,        2905,       5.421,   3.337e-08,           0
     5,     0,        1171,       94.08,   5.288e-07,           0
     5,     0,        1171,       84.23,   5.288e-07,           0
     5,     0,        1171,       74.38,   5.288e-07,           0
     5,     0,        1171,       64.53,   5.288e-07,           0
     5,     0,        1171,       54.68,   5.288e-07,           0
     5,     0,        1171,       44.82,   5.288e-07,           0
     5,     0,        1171,       34.97,   5.288e-07,           0
     5,     0,        1171,       25.12,   5.288e-07,           0
     5,     0,        1171,       15.27,   5.288e-07,           0
     5,     0,        1171,       5.421,   5.288e-07,           0
     5,     0,       474.2,       94.08,   8.381e-06,           0
     5,     0,       474.2,       84.23,   8.381e-06,           0
     5,     0,       474.2,       74.38,   8.381e-06,           0
     5,     0,       474.2,       64.53,   8.381e-06,           0
     5,     0,       474.2,       54.68,   8.381e-06,           0
     5,     0,       474.2,       44.82,   8.381e-06,           0
     5,     0,       474.2,       34.97,   8.381e-06,           0
     5,     0,       474.2,       25.12,   8.381e-06,           0
     5,     0,       474.2,       15.27,   8.381e-06,           0
     5,     0,       474.2,       5.421,   8.381e-06,           0
     5,     0,       192.9,       94.08,   0.0001328,           0
     5,     0,       192.9,       84.23,   0.0001328,           0
     5,     0,       192.9,       74.38,   0.0001328,           0
     5,     0,       192.9,       64.53,   0.0001328,           0
     5,     0,       192.9,       54.68,   0.0001328,           0
     5,     0,       192.9,       44.82,   0.0001328,           0
     5,     0,       192.9,       34.97,   0.0001328,           0
     5,     0,       192.9,       25.12,   0.0001328,           0
     5,     0,       192.9,       15.27,   0.0001328,           0
     5,     0,       192.9,       5.421,   0.0001328,           0
     5,     0,       78.97,       94.08,    0.002105,           0
     5,     0,       78.97,       84.23,    0.002105,           0
     5,     0,       78.97,       74.38,    0.002105,           0
     5,     0,       78.97,       64.53,    0.002105,           0
     5,     0,       78.97,       54.68,    0.002105,           0
     5,     0,       78.97,       44.82,    0.002105,           0
     5,     0,       78.97,       34.97,    0.002105,           0
     5,     0,       78.97,       25.12,    0.002105,           0
     5,     0,       78.97,       15.27,    0.002105,           0
     5,     0,       78.97,       5.421,    0.002105,           0
     5,     0,       32.59,       94.08,     0.03337,           0
     5,     0,       32.59,       84.23,     0.03337,           0
     5,     0,       32.59,       74.38,     0.03337,           0
     5,     0,       32.59,       64.53,     0.03337,           0
     5,     0,       32.59,       54.68,     0.03337,           0
     5,     0,       32.59,       44.82,     0.03337,           0
     5,     0,       32.59,       34.97,     0.03337,           0
     5,     0,       32.59,       25.12,     0.03337,           0
     5,     0,       32.59,       15.27,     0.03337,           0
     5,     0,       32.59,       5.421,     0.03337,           0
     5,     0,       13.59,       94.08,      0.5288,           0
     5,     0,       13.59,       84.23,      0.5288,           0
     5,     0,       13.59,       74.38,      0.5288,           0
     5,     0,       13.59,       64.53,      0.5288,           0
     5,     0,       13.59,       54.68,      0.5288,           0
     5,     0,       13.59,       44.82,      0.5288,           0
     5,     0,       13.59,       34.97,      0.5288,           0
     5,     0,       13.59,       25.12,      0.5288,           0
     5,     0,       13.59,       15.27,      0.5288,           0
     5,     0,       13.59,       5.421,      0.5288,           0
     5,     0,       5.741,       94.08,       8.381,           0
     5,     0,       5.741,       84.23,       8.381,           0
     5,     0,       5.741,       74.38,       8.381,           0
     5,     0,       5.741,       64.53,       8.381,           0
     5,     0,       5.741,       54.68,       8.381,           0
     5,     0,       5.741,       44.82,       8.381,           0
     5,     0,       5.741,       34.97,       8.381,           0
     5,     0,       5.741,       25.12,       8.381,           0
     5,     0,       5.741,       15.27,       8.381,           0
     5,     0,       5.741,       5.421,       8.381,           0
     5,     0,       2.466,       94.08,       132.8,           0
     5,     0,       2.466,       84.23,       132.8,           0
     5,     0,       2.466,       74.38,       132.8,           0
     5,     0,       2.466,       64.53,       132.8,           0
     5,     0,       2.466,       54.68,       132.8,           0
     5,     0,       2.466,       44.82,       132.8,           0
     5,     0,       2.466,       34.97,       132.8,           0
     5,     0,       2.466,       25.12,       132.8,           0
     5,     0,       2.466,       15.27,       132.8,           0
     5,     0,       2.466,       5.421,       132.8,           0
     5,     4,    2.34e+13,         0.5,           0,           0
     5,     5,           0,           0,           0,           0
     6,     0,        7273,       93.89,   2.033e-09,           0
     6,     0,        7273,       84.06,   2.033e-09,           0
     6,     0,        7273,       74.23,   2.033e-09,           0
     6,     0,        7273,        64.4,   2.033e-09,           0
     6,     0,        7273,       54.57,   2.033e-09,           0
     6,     0,        7273,       44.73,   2.033e-09,           0
     6,     0,        7273,        34.9,   2.033e-09,           0
     6,     0,        7273,       25.07,   2.033e-09,           0
     6,     0,        7273,       15.24,   2.033e-09,           0
     6,     0,        7273,        5.41,   2.033e-09,           0
     6,     0,        2930,       93.89,   3.222e-08,           0
     6,     0,        2930,       84.06,   3.222e-08,           0
     6,     0,        2930,       74.23,   3.222e-08,           0
     6,     0,        2930,        64.4,   3.222e-08,           0
     6,     0,        2930,       54.57,   3.222e-08,           0
     6,     0,        2930,       44.73,   3.222e-08,           0
     6,     0,        2930,        34.9,   3.222e-08,           0
     6,     0,        2930,       25.07,   3.222e-08,           0
     6,     0,        2930,       15.24,   3.222e-08,           0
     6,     0,        2930,        5.41,   3.222e-08,           0
     6,     0,        1184,       93.89,   5.106e-07,           0
     6,     0,        1184,       84.06,   5.106e-07,           0
     6,     0,        1184,       74.23,   5.106e-07,           0
     6,     0,        1184,        64.4,   5.106e-07,           0
     6,     0,        1184,       54.57,   5.106e-07,           0
     6,     0,        1184,       44.73,   5.106e-07,           0
     6,     0,        1184,        34.9,   5.106e-07,           0
     6,     0,        1184,       25.07,   5.106e-07,           0
     6,     0,        1184,       15.24,   5.106e-07,           0
     6,     0,        1184,        5.41,   5.106e-07,           0
     6,     0,         481,       93.89,   8.093e-06,           0
     6,     0,         481,       84.06,   8.093e-06,           0
     6,     0,         481,       74.23,   8.093e-06,           0
     6,     0,         481,        64.4,   8.093e-06,           0
     6,     0,         481,       54.57,   8.093e-06,           0
     6,     0,         481,       44.73,   8.093e-06,           0
     6,     0,         481,        34.9,   8.093e-06,           0
     6,     0,         481,       25.07,   8.093e-06,           0
     6,     0,         481,       15.24,   8.093e-06,           0
     6,     0,         481,        5.41,   8.093e-06,           0
     6,     0,       196.5,       93.89,   0.0001283,           0
     6,     0,       196.5,       84.06,   0.0001283,           0
     6,     0,       196.5,       74.23,   0.0001283,           0
     6,     0,       196.5,        64.4,   0.0001283,           0
     6,     0,       196.5,       54.57,   0.0001283,           0
     6,     0,       196.5,       44.73,   0.0001283,           0
     6,     0,       196.5,        34.9,   0.0001283,           0
     6,     0,       196.5,       25.07,   0.0001283,           0
     6,     0,       196.5,       15.24,   0.0001283,           0
     6,     0,       196.5,        5.41,   0.0001283,           0
     6,     0,       80.88,       93.89,    0.002033,           0
     6,     0,       80.88,       84.06,    0.002033,           0
     6,     0,       80.88,       74.23,    0.002033,           0
     6,     0,       80.88,        64.4,    0.002033,           0
     6,     0,       80.88,       54.57,    0.002033,           0
     6,     0,       80.88,       44.73,    0.002033,           0
     6,     0,       80.88,        34.9,    0.002033,           0
     6,     0,       80.88,       25.07,    0.002033,           0
     6,     0,       80.88,       15.24,    0.002033,           0
     6,     0,       80.88,        5.41,    0.002033,           0
     6,     0,       33.61,       93.89,     0.03222,           0
     6,     0,       33.61,       84.06,     0.03222,           0
     6,     0,       33.61,       74.23,     0.03222,           0
     6,     0,       33.61,        64.4,     0.03222,           0
     6,     0,       33.61,       54.57,     0.03222,           0
     6,     0,       33.61,       44.73,     0.03222,           0
     6,     0,       33.61,        34.9,     0.03222,           0
     6,     0,       33.61,       25.07,     0.03222,           0
     6,     0,       33.61,       15.24,     0.03222,           0
     6,     0,       33.61,        5.41,     0.03222,           0
     6,     0,       14.14,       93.89,      0.5106,           0
     6,     0,       14.14,       84.06,      0.5106,           0
     6,     0,       14.14,       74.23,      0.5106,           0
     6,     0,       14.14,        64.4,      0.5106,           0
     6,     0,       14.14,       54.57,      0.5106,           0
     6,     0,       14.14,       44.73,      0.5106,           0
     6,     0,       14.14,        34.9,      0.5106,           0
     6,     0,       14.14,       25.07,      0.5106,           0
     6,     0,       14.14,       15.24,      0.5106,           0
     6,     0,       14.14,        5.41,      0.5106,           0
     6,     0,       6.038,       93.89,       8.093,           0
     6,     0,       6.038,       84.06,       8.093,           0
     6,     0,       6.038,       74.23,       8.093,           0
     6,     0,       6.038,        64.4,       8.093,           0
     6,     0,       6.038,       54.57,       8.093,           0
     6,     0,       6.038,       44.73,       8.093,           0
     6,     0,       6.038,        34.9,       8.093,           0
     6,     0,       6.038,       25.07,       8.093,           0
     6,     0,       6.038,       15.24,       8.093,           0
     6,     0,       6.038,        5.41,       8.093,           0
     6,     0,       2.629,       93.89,       128.3,           0
     6,     0,       2.629,       84.06,       128.3,           0
     6,     0,       2.629,       74.23,       128.3,           0
     6,     0,       2.629,        64.4,       128.3,           0
     6,     0,       2.629,       54.57,       128.3,           0
     6,     0,       2.629,       44.73,       128.3,           0
     6,     0,       2.629,        34.9,       128.3,           0
     6,     0,       2.629,       25.07,       128.3,           0
     6,     0,       2.629,       15.24,       128.3,           0
     6,     0,       2.629,        5.41,       128.3,           0
     6,     5,   2.359e+13,         0.5,           0,           0
     6,     6,           0,           0,           0,           0
     7,     0,        7320,        93.7,   1.963e-09,           0
     7,     0,        7320,       83.89,   1.963e-09,           0
     7,     0,        7320,       74.08,   1.963e-09,           0
     7,     0,        7320,       64.27,   1.963e-09,           0
     7,     0,        7320,       54.46,   1.963e-09,           0
     7,     0,        7320,       44.65,   1.963e-09,           0
     7,     0,        7320,       34.83,   1.963e-09,           0
     7,     0,        7320,       25.02,   1.963e-09,           0
     7,     0,        7320,       15.21,   1.963e-09,           0
     7,     0,        7320,       5.399,   1.963e-09,           0
     7,     0,        2955,        93.7,   3.111e-08,           0
     7,     0,        2955,       83.89,   3.111e-08,           0
     7,     0,        2955,       74.08,   3.111e-08,           0
     7,     0,        2955,       64.27,   3.111e-08,           0
     7,     0,        2955,       54.46,   3.111e-08,           0
     7,     0,        2955,       44.65,   3.111e-08,           0
     7,     0,        2955,       34.83,   3.111e-08,           0
     7,     0,        2955,       25.02,   3.111e-08,           0
     7,     0,        2955,       15.21,   3.111e-08,           0
     7,     0,        2955,       5.399,   3.111e-08,           0
     7,     0,        1198,        93.7,   4.931e-07,           0
     7,     0,        1198,       83.89,   4.931e-07,           0
     7,     0,        1198,       74.08,   4.931e-07,           0
     7,     0,        1198,       64.27,   4.931e-07,           0
     7,     0,        1198,       54.46,   4.931e-07,           0
     7,     0,        1198,       44.65,   4.931e-07,           0
     7,     0,        1198,       34.83,   4.931e-07,           0
     7,     0,        1198,       25.02,   4.931e-07,           0
     7,     0,        1198,       15.21,   4.931e-07,           0
     7,     0,        1198,       5.399,   4.931e-07,           0
     7,     0,       487.9,        93.7,   7.814e-06,           0
     7,     0,       487.9,       83.89,   7.814e-06,           0
     7,     0,       487.9,       74.08,   7.814e-06,           0
     7,     0,       487.9,       64.27,   7.814e-06,           0
     7,     0,       487.9,       54.46,   7.814e-06,           0
     7,     0,       487.9,       44.65,   7.814e-06,           0
     7,     0,       487.9,       34.83,   7.814e-06,           0
     7,     0,       487.9,       25.02,   7.814e-06,           0
     7,     0,       487.9,       15.21,   7.814e-06,           0
     7,     0,       487.9,       5.399,   7.814e-06,           0
     7,     0,       200.1,        93.7,   0.0001239,           0
     7,     0,       200.1,       83.89,   0.0001239,           0
     7,     0,       200.1,       74.08,   0.0001239,           0
     7,     0,       200.1,       64.27,   0.0001239,           0
     7,     0,       200.1,       54.46,   0.0001239,           0
     7,     0,       200.1,       44.65,   0.0001239,           0
     7,     0,       200.1,       34.83,   0.0001239,           0
     7,     0,       200.1,       25.02,   0.0001239,           0
     7,     0,       200.1,       15.21,   0.0001239,           0
     7,     0,       200.1,       5.399,   0.0001239,           0
     7,     0,       82.82,        93.7,    0.001963,           0
     7,     0,       82.82,       83.89,    0.001963,           0
     7,     0,       82.82,       74.08,    0.001963,           0
     7,     0,       82.82,       64.27,    0.001963,           0
     7,     0,       82.82,       54.46,    0.001963,           0
     7,     0,       82.82,       44.65,    0.001963,           0
     7,     0,       82.82,       34.83,    0.001963,           0
     7,     0,       82.82,       25.02,    0.001963,           0
     7,     0,       82.82,       15.21,    0.001963,           0
     7,     0,       82.82,       5.399,    0.001963,           0
     7,     0,       34.65,        93.7,     0.03111,           0
     7,     0,       34.65,       83.89,     0.03111,           0
     7,     0,       34.65,       74.08,     0.03111,           0
     7,     0,       34.65,       64.27,     0.03111,           0
     7,     0,       34.65,       54.46,     0.03111,           0
     7,     0,       34.65,       44.65,     0.03111,           0
     7,     0,       34.65,       34.83,     0.03111,           0
     7,     0,       34.65,       25.02,     0.03111,           0
     7,     0,       34.65,       15.21,     0.03111,           0
     7,     0,       34.65,       5.399,     0.03111,           0
     7,     0,        14.7,        93.7,      0.4931,           0
     7,     0,        14.7,       83.89,      0.4931,           0
     7,     0,        14.7,       74.08,      0.4931,           0
     7,     0,        14.7,       64.27,      0.4931,           0
     7,     0,        14.7,       54.46,      0.4931,           0
     7,     0,        14.7,       44.65,      0.4931,           0
     7,     0,        14.7,       34.83,      0.4931,           0
     7,     0,        14.7,       25.02,      0.4931,           0
     7,     0,        14.7,       15.21,      0.4931,           0
     7,     0,        14.7,       5.399,      0.4931,           0
     7,     0,       6.346,        93.7,       7.814,           0
     7,     0,       6.346,       83.89,       7.814,           0
     7,     0,       6.346,       74.08,       7.814,           0
     7,     0,       6.346,       64.27,       7.814,           0
     7,     0,       6.346,       54.46,       7.814,           0
     7,     0,       6.346,       44.65,       7.814,           0
     7,     0,       6.346,       34.83,       7.814,           0
     7,     0,       6.346,       25.02,       7.814,           0
     7,     0,       6.346,       15.21,       7.814,           0
     7,     0,       6.346,       5.399,       7.814,           0
     7,     0,         2.8,        93.7,       123.9,           0
     7,     0,         2.8,       83.89,       123.9,           0
     7,     0,         2.8,       74.08,       123.9,           0
     7,     0,         2.8,       64.27,       123.9,           0
     7,     0,         2.8,       54.46,       123.9,           0
     7,     0,         2.8,       44.65,       123.9,           0
     7,     0,         2.8,       34.83,       123.9,           0
     7,     0,         2.8,       25.02,       123.9,           0
     7,     0,         2.8,       15.21,       123.9,           0
     7,     0,         2.8,       5.399,       123.9,           0
     7,     6,   2.377e+13,         0.5,           0,           0
     7,     7,           0,           0,           0,           0
     8,     0,        7368,       93.52,   1.895e-09,           0
     8,     0,        7368,       83.72,   1.895e-09,           0
     8,     0,        7368,       73.93,   1.895e-09,           0
     8,     0,        7368,       64.14,   1.895e-09,           0
     8,     0,        7368,       54.35,   1.895e-09,           0
     8,     0,        7368,       44.56,   1.895e-09,           0
     8,     0,        7368,       34.76,   1.895e-09,           0
     8,     0,        7368,       24.97,   1.895e-09,           0
     8,     0,        7368,       15.18,   1.895e-09,           0
     8,     0,        7368,       5.388,   1.895e-09,           0
     8,     0,        2980,       93.52,   3.004e-08,           0
     8,     0,        2980,       83.72,   3.004e-08,           0
     8,     0,        2980,       73.93,   3.004e-08,           0
     8,     0,        2980,       64.14,   3.004e-08,           0
     8,     0,        2980,       54.35,   3.004e-08,           0
     8,     0,        2980,       44.56,   3.004e-08,           0
     8,     0,        2980,       34.76,   3.004e-08,           0
     8,     0,        2980,       24.97,   3.004e-08,           0
     8,     0,        2980,       15.18,   3.004e-08,           0
     8,     0,        2980,       5.388,   3.004e-08,           0
     8,     0,        1211,       93.52,   4.761e-07,           0
     8,     0,        1211,       83.72,   4.761e-07,           0
     8,     0,        1211,       73.93,   4.761e-07,           0
     8,     0,        1211,       64.14,   4.761e-07,           0
     8,     0,        1211,       54.35,   4.761e-07,           0
     8,     0,        1211,       44.56,   4.761e-07,           0
     8,     0,        1211,       34.76,   4.761e-07,           0
     8,     0,        1211,       24.97,   4.761e-07,           0
     8,     0,        1211,       15.18,   4.761e-07,           0
     8,     0,        1211,       5.388,   4.761e-07,           0
     8,     0,       494.9,       93.52,   7.546e-06,           0
     8,     0,       494.9,       83.72,   7.546e-06,           0
     8,     0,       494.9,       73.93,   7.546e-06,           0
     8,     0,       494.9,       64.14,   7.546e-06,           0
     8,     0,       494.9,       54.35,   7.546e-06,           0
     8,     0,       494.9,       44.56,   7.546e-06,           0
     8,     0,       494.9,       34.76,   7.546e-06,           0
     8,     0,       494.9,       24.97,   7.546e-06,           0
     8,     0,       494.9,       15.18,   7.546e-06,           0
     8,     0,       494.9,       5.388,   7.546e-06,           0
     8,     0,       203.8,       93.52,   0.0001196,           0
     8,     0,       203.8,       83.72,   0.0001196,           0
     8,     0,       203.8,       73.93,   0.0001196,           0
     8,     0,       203.8,       64.14,   0.0001196,           0
     8,     0,       203.8,       54.35,   0.0001196,           0
     8,     0,       203.8,       44.56,   0.0001196,           0
     8,     0,       203.8,       34.76,   0.0001196,           0
     8,     0,       203.8,       24.97,   0.0001196,           0
     8,     0,       203.8,       15.18,   0.0001196,           0
     8,     0,       203.8,       5.388,   0.0001196,           0
     8,     0,       84.79,       93.52,    0.001895,           0
     8,     0,       84.79,       83.72,    0.001895,           0
     8,     0,       84.79,       73.93,    0.001895,           0
     8,     0,       84.79,       64.14,    0.001895,           0
     8,     0,       84.79,       54.35,    0.001895,           0
     8,     0,       84.79,       44.56,    0.001895,           0
     8,     0,       84.79,       34.76,    0.001895,           0
     8,     0,       84.79,       24.97,    0.001895,           0
     8,     0,       84.79,       15.18,    0.001895,           0
     8,     0,       84.79,       5.388,    0.001895,           0
     8,     0,       35.71,       93.52,     0.03004,           0
     8,     0,       35.71,       83.72,     0.03004,           0
     8,     0,       35.71,       73.93,     0.03004,           0
     8,     0,       35.71,       64.14,     0.03004,           0
     8,     0,       35.71,       54.35,     0.03004,           0
     8,     0,       35.71,       44.56,     0.03004,           0
     8,     0,       35.71,       34.76,     0.03004,           0
     8,     0,       35.71,       24.97,     0.03004,           0
     8,     0,       35.71,       15.18,     0.03004,           0
     8,     0,       35.71,       5.388,     0.03004,           0
     8,     0,       15.28,       93.52,      0.4761,           0
     8,     0,       15.28,       83.72,      0.4761,           0
     8,     0,       15.28,       73.93,      0.4761,           0
     8,     0,       15.28,       64.14,      0.4761,           0
     8,     0,       15.28,       54.35,      0.4761,           0
     8,     0,       15.28,       44.56,      0.4761,           0
     8,     0,       15.28,       34.76,      0.4761,           0
     8,     0,       15.28,       24.97,      0.4761,           0
     8,     0,       15.28,       15.18,      0.4761,           0
     8,     0,       15.28,       5.388,      0.4761,           0
     8,     0,       6.664,       93.52,       7.546,           0
     8,     0,       6.664,       83.72,       7.546,           0
     8,     0,       6.664,       73.93,       7.546,           0
     8,     0,       6.664,       64.14,       7.546,           0
     8,     0,       6.664,       54.35,       7.546,           0
     8,     0,       6.664,       44.56,       7.546,           0
     8,     0,       6.664,       34.76,       7.546,           0
     8,     0,       6.664,       24.97,       7.546,           0
     8,     0,       6.664,       15.18,       7.546,           0
     8,     0,       6.664,       5.388,       7.546,           0
     8,     0,       2.978,       93.52,       119.6,           0
     8,     0,       2.978,       83.72,       119.6,           0
     8,     0,       2.978,       73.93,       119.6,           0
     8,     0,       2.978,       64.14,       119.6,           0
     8,     0,       2.978,       54.35,       119.6,           0
     8,     0,       2.978,       44.56,       119.6,           0
     8,     0,       2.978,       34.76,       119.6,           0
     8,     0,       2.978,       24.97,       119.6,           0
     8,     0,       2.978,       15.18,       119.6,           0
     8,     0,       2.978,       5.388,       119.6,           0
     8,     7,   2.394e+13,         0.5,           0,           0
     8,     8,           0,           0,           0,           0
     9,     0,        7417,       93.33,    1.83e-09,           0
     9,     0,        7417,       83.56,    1.83e-09,           0
     9,     0,        7417,       73.78,    1.83e-09,           0
     9,     0,        7417,       64.01,    1.83e-09,           0
     9,     0,        7417,       54.24,    1.83e-09,           0
     9,     0,        7417,       44.47,    1.83e-09,           0
     9,     0,        7417,       34.69,    1.83e-09,           0
     9,     0,        7417,       24.92,    1.83e-09,           0
     9,     0,        7417,       15.15,    1.83e-09,           0
     9,     0,        7417,       5.377,    1.83e-09,           0
     9,     0,        3005,       93.33,   2.901e-08,           0
     9,     0,        3005,       83.56,   2.901e-08,           0
     9,     0,        3005,       73.78,   2.901e-08,           0
     9,     0,        3005,       64.01,   2.901e-08,           0
     9,     0,        3005,       54.24,   2.901e-08,           0
     9,     0,        3005,       44.47,   2.901e-08,           0
     9,     0,        3005,       34.69,   2.901e-08,           0
     9,     0,        3005,       24.92,   2.901e-08,           0
     9,     0,        3005,       15.15,   2.901e-08,           0
     9,     0,        3005,       5.377,   2.901e-08,           0
     9,     0,        1224,       93.33,   4.597e-07,           0
     9,     0,        1224,       83.56,   4.597e-07,           0
     9,     0,        1224,       73.78,   4.597e-07,           0
     9,     0,        1224,       64.01,   4.597e-07,           0
     9,     0,        1224,       54.24,   4.597e-07,           0
     9,     0,        1224,       44.47,   4.597e-07,           0
     9,     0,        1224,       34.69,   4.597e-07,           0
     9,     0,        1224,       24.92,   4.597e-07,           0
     9,     0,        1224,       15.15,   4.597e-07,           0
     9,     0,        1224,       5.377,   4.597e-07,           0
     9,     0,       501.9,       93.33,   7.286e-06,           0
     9,     0,       501.9,       83.56,   7.286e-06,           0
     9,     0,       501.9,       73.78,   7.286e-06,           0
     9,     0,       501.9,       64.01,   7.286e-06,           0
     9,     0,       501.9,       54.24,   7.286e-06,           0
     9,     0,       501.9,       44.47,   7.286e-06,           0
     9,     0,       501.9,       34.69,   7.286e-06,           0
     9,     0,       501.9,       24.92,   7.286e-06,           0
     9,     0,       501.9,       15.15,   7.286e-06,           0
     9,     0,       501.9,       5.377,   7.286e-06,           0
     9,     0,       207.6,       93.33,   0.0001155,           0
     9,     0,       207.6,       83.56,   0.0001155,           0
     9,     0,       207.6,       73.78,   0.0001155,           0
     9,     0,       207.6,       64.01,   0.0001155,           0
     9,     0,       207.6,       54.24,   0.0001155,           0
     9,     0,       207.6,       44.47,   0.0001155,           0
     9,     0,       207.6,       34.69,   0.0001155,           0
     9,     0,       207.6,       24.92,   0.0001155,           0
     9,     0,       207.6,       15.15,   0.0001155,           0
     9,     0,       207.6,       5.377,   0.0001155,           0
     9,     0,        86.8,       93.33,     0.00183,           0
     9,     0,        86.8,       83.56,     0.00183,           0
     9,     0,        86.8,       73.78,     0.00183,           0
     9,     0,        86.8,       64.01,     0.00183,           0
     9,     0,        86.8,       54.24,     0.00183,           0
     9,     0,        86.8,       44.47,     0.00183,           0
     9,     0,        86.8,       34.69,     0.00183,           0
     9,     0,        86.8,       24.92,     0.00183,           0
     9,     0,        86.8,       15.15,     0.00183,           0
     9,     0,        86.8,       5.377,     0.00183,           0
     9,     0,       36.79,       93.33,     0.02901,           0
     9,     0,       36.79,       83.56,     0.02901,           0
     9,     0,       36.79,       73.78,     0.02901,           0
     9,     0,       36.79,       64.01,     0.02901,           0
     9,     0,       36.79,       54.24,     0.02901,           0
     9,     0,       36.79,       44.47,     0.02901,           0
     9,     0,       36.79,       34.69,     0.02901,           0
     9,     0,       36.79,       24.92,     0.02901,           0
     9,     0,       36.79,       15.15,     0.02901,           0
     9,     0,       36.79,       5.377,     0.02901,           0
     9,     0,       15.87,       93.33,      0.4597,           0
     9,     0,       15.87,       83.56,      0.4597,           0
     9,     0,       15.87,       73.78,      0.4597,           0
     9,     0,       15.87,       64.01,      0.4597,           0
     9,     0,       15.87,       54.24,      0.4597,           0
     9,     0,       15.87,       44.47,      0.4597,           0
     9,     0,       15.87,       34.69,      0.4597,           0
     9,     0,       15.87,       24.92,      0.4597,           0
     9,     0,       15.87,       15.15,      0.4597,           0
     9,     0,       15.87,       5.377,      0.4597,           0
     9,     0,       6.994,       93.33,       7.286,           0
     9,     0,       6.994,       83.56,       7.286,           0
     9,     0,       6.994,       73.78,       7.286,           0
     9,     0,       6.994,       64.01,       7.286,           0
     9,     0,       6.994,       54.24,       7.286,           0
     9,     0,       6.994,       44.47,       7.286,           0
     9,     0,       6.994,       34.69,       7.286,           0
     9,     0,       6.994,       24.92,       7.286,           0
     9,     0,       6.994,       15.15,       7.286,           0
     9,     0,       6.994,       5.377,       7.286,           0
     9,     0,       3.165,       93.33,       115.5,           0
     9,     0,       3.165,       83.56,       115.5,           0
     9,     0,       3.165,       73.78,       115.5,           0
     9,     0,       3.165,       64.01,       115.5,           0
     9,     0,       3.165,       54.24,       115.5,           0
     9,     0,       3.165,       44.47,       115.5,           0
     9,     0,       3.165,       34.69,       115.5,           0
     9,     0,       3.165,       24.92,       115.5,           0
     9,     0,       3.165,       15.15,       115.5,           0
     9,     0,       3.165,       5.377,       115.5,           0
     9,     8,   2.409e+13,         0.5,           0,           0
     9,     9,           0,           0,           0,           0
    10,     0,        7465,       93.14,   1.767e-09,           0
    10,     0,        7465,       83.39,   1.767e-09,           0
    10,     0,        7465,       73.64,   1.767e-09,           0
    10,     0,        7465,       63.88,   1.767e-09,           0
    10,     0,        7465,       54.13,   1.767e-09,           0
    10,     0,        7465,       44.38,   1.767e-09,           0
    10,     0,        7465,       34.63,   1.767e-09,           0
    10,     0,        7465,       24.87,   1.767e-09,           0
    10,     0,        7465,       15.12,   1.767e-09,           0
    10,     0,        7465,       5.367,   1.767e-09,           0
    10,     0,        3031,       93.14,   2.801e-08,           0
    10,     0,        3031,       83.39,   2.801e-08,           0
    10,     0,        3031,       73.64,   2.801e-08,           0
    10,     0,        3031,       63.88,   2.801e-08,           0
    10,     0,        3031,       54.13,   2.801e-08,           0
    10,     0,        3031,       44.38,   2.801e-08,           0
    10,     0,        3031,       34.63,   2.801e-08,           0
    10,     0,        3031,       24.87,   2.801e-08,           0
    10,     0,        3031,       15.12,   2.801e-08,           0
    10,     0,        3031,       5.367,   2.801e-08,           0
    10,     0,        1238,       93.14,   4.439e-07,           0
    10,     0,        1238,       83.39,   4.439e-07,           0
    10,     0,        1238,       73.64,   4.439e-07,           0
    10,     0,        1238,       63.88,   4.439e-07,           0
    10,     0,        1238,       54.13,   4.439e-07,           0
    10,     0,        1238,       44.38,   4.439e-07,           0
    10,     0,        1238,       34.63,   4.439e-07,           0
    10,     0,        1238,       24.87,   4.439e-07,           0
    10,     0,        1238,       15.12,   4.439e-07,           0
    10,     0,        1238,       5.367,   4.439e-07,           0
    10,     0,       509.1,       93.14,   7.036e-06,           0
    10,     0,       509.1,       83.39,   7.036e-06,           0
    10,     0,       509.1,       73.64,   7.036e-06,           0
    10,     0,       509.1,       63.88,   7.036e-06,           0
    10,     0,       509.1,       54.13,   7.036e-06,           0
    10,     0,       509.1,       44.38,   7.036e-06,           0
    10,     0,       509.1,       34.63,   7.036e-06,           0
    10,     0,       509.1,       24.87,   7.036e-06,           0
    10,     0,       509.1,       15.12,   7.036e-06,           0
    10,     0,       509.1,       5.367,   7.036e-06,           0
    10,     0,       211.4,       93.14,   0.0001115,           0
    10,     0,       211.4,       83.39,   0.0001115,           0
    10,     0,       211.4,       73.64,   0.0001115,           0
    10,     0,       211.4,       63.88,   0.0001115,           0
    10,     0,       211.4,       54.13,   0.0001115,           0
    10,     0,       211.4,       44.38,   0.0001115,           0
    10,     0,       211.4,       34.63,   0.0001115,           0
    10,     0,       211.4,       24.87,   0.0001115,           0
    10,     0,       211.4,       15.12,   0.0001115,           0
    10,     0,       211.4,       5.367,   0.0001115,           0
    10,     0,       88.84,       93.14,    0.001767,           0
    10,     0,       88.84,       83.39,    0.001767,           0
    10,     0,       88.84,       73.64,    0.001767,           0
    10,     0,       88.84,       63.88,    0.001767,           0
    10,     0,       88.84,       54.13,    0.001767,           0
    10,     0,       88.84,       44.38,    0.001767,           0
    10,     0,       88.84,       34.63,    0.001767,           0
    10,     0,       88.84,       24.87,    0.001767,           0
    10,     0,       88.84,       15.12,    0.001767,           0
    10,     0,       88.84,       5.367,    0.001767,           0
    10,     0,        37.9,       93.14,     0.02801,           0
    10,     0,        37.9,       83.39,     0.02801,           0
    10,     0,        37.9,       73.64,     0.02801,           0
    10,     0,        37.9,       63.88,     0.02801,           0
    10,     0,        37.9,       54.13,     0.02801,           0
    10,     0,        37.9,       44.38,     0.02801,           0
    10,     0,        37.9,       34.63,     0.02801,           0
    10,     0,        37.9,       24.87,     0.02801,           0
    10,     0,        37.9,       15.12,     0.02801,           0
    10,     0,        37.9,       5.367,     0.02801,           0
    10,     0,       16.48,       93.14,      0.4439,           0
    10,     0,       16.48,       83.39,      0.4439,           0
    10,     0,       16.48,       73.64,      0.4439,           0
    10,     0,       16.48,       63.88,      0.4439,           0
    10,     0,       16.48,       54.13,      0.4439,           0
    10,     0,       16.48,       44.38,      0.4439,           0
    10,     0,       16.48,       34.63,      0.4439,           0
    10,     0,       16.48,       24.87,      0.4439,           0
    10,     0,       16.48,       15.12,      0.4439,           0
    10,     0,       16.48,       5.367,      0.4439,           0
    10,     0,       7.336,       93.14,       7.036,           0
    10,     0,       7.336,       83.39,       7.036,           0
    10,     0,       7.336,       73.64,       7.036,           0
    10,     0,       7.336,       63.88,       7.036,           0
    10,     0,       7.336,       54.13,       7.036,           0
    10,     0,       7.336,       44.38,       7.036,           0
    10,     0,       7.336,       34.63,       7.036,           0
    10,     0,       7.336,       24.87,       7.036,           0
    10,     0,       7.336,       15.12,       7.036,           0
    10,     0,       7.336,       5.367,       7.036,           0
    10,     0,        3.36,       93.14,       111.5,           0
    10,     0,        3.36,       83.39,       111.5,           0
    10,     0,        3.36,       73.64,       111.5,           0
    10,     0,        3.36,       63.88,       111.5,           0
    10,     0,        3.36,       54.13,       111.5,           0
    10,     0,        3.36,       44.38,       111.5,           0
    10,     0,        3.36,       34.63,       111.5,           0
    10,     0,        3.36,       24.87,       111.5,           0
    10,     0,        3.36,       15.12,       111.5,           0
    10,     0,        3.36,       5.367,       111.5,           0
    10,     9,   2.422e+13,         0.5,           0,           0
    10,    10,           0,           0,           0,           0
